interaction,coef,lower_95,upper_95,abs_coef
beehiiv_spend_x_google_spend,-736.9943098697813,-1551.2790133823405,77.29039364277799,736.9943098697813
beehiiv_spend_x_liveintent_spend,612.4387832167615,51.38580726841087,1173.4917591651122,612.4387832167615
liveintent_spend_x_meta_spend,-250.21317956115655,-527.5968171830731,27.170458060759984,250.21317956115655
beehiiv_spend_x_moloco_spend,-151.3290394771837,-627.0422279006407,324.38414894627334,151.3290394771837
moloco_spend_x_tiktok_spend,-57.33763445540426,-761.5157956185341,646.8405267077256,57.33763445540426
snapchat_spend_x_tiktok_spend,28.079755045555704,-474.5521849119416,530.711695003053,28.079755045555704
